{"min": [-0.600377, -0.220016, -0.553559], "max": [0.646307, 0.622096, 0.745826]}