{"min": [-0.788438, -0.696606, -0.793851], "max": [0.841579, 0.62833, 0.741079]}