{"min": [-0.609722, -0.776384, -0.542458], "max": [0.584505, 0.843665, 0.542694]}