{"min": [-0.529531, -0.771448, -0.477986], "max": [0.52452, 0.72728, 0.510186]}