{"min": [-0.760495, -0.449317, -0.358254], "max": [0.721445, 0.681109, 0.392836]}