{"min": [-0.715524, -0.711267, -0.661], "max": [0.708535, 0.774708, 0.656059]}