{"min": [-0.5517, -0.630912, -0.847193], "max": [0.524985, 0.540775, 0.953215]}