{"min": [-0.591401, -0.296653, -0.409473], "max": [0.566349, 0.758825, 0.760266]}