{"min": [-0.577977, -0.696359, -0.579843], "max": [0.620191, 0.401358, 0.709659]}