{"min": [-0.429583, -0.756201, -0.445928], "max": [0.477621, 1.001568, 0.428876]}