{"min": [-0.512855, -0.49166, -0.471957], "max": [0.504866, 1.0171, 0.454841]}