{"min": [-0.645348, -0.4404, -0.56278], "max": [0.669369, 0.470315, 0.730623]}