{"min": [-0.571835, -0.190543, -0.650282], "max": [0.558781, 0.623091, 0.761791]}