{"min": [-0.897238, -0.622003, -0.855518], "max": [0.888577, 0.545613, 0.833362]}