{"min": [-0.637276, -0.215293, -0.510235], "max": [0.648229, 0.662131, 0.707095]}