{
    "min": [
        -0.409804,
        -0.919426,
        -0.44463
    ],
    "max": [
        0.405995,
        0.938027,
        0.44102
    ]
}