{"min": [-0.727644, -0.240731, -0.468104], "max": [0.711514, 0.691971, 0.730828]}