{"min": [-0.486041, -0.904417, -0.469524], "max": [0.472351, 0.738958, 0.44749]}