{"min": [-0.618557, -0.728798, -0.494898], "max": [0.626081, 0.605225, 0.705322]}