{"min": [-0.498039, -0.470946, -0.490236], "max": [0.461535, 0.488628, 0.980825]}