{"min": [-0.641359, -0.24455, -0.412963], "max": [0.651364, 0.711795, 0.71005]}