{"min": [-0.393092, -0.900622, -0.312527], "max": [0.415194, 0.835287, 0.336889]}