{"min": [-0.810371, -0.789416, -0.711484], "max": [0.798486, 0.711673, 0.727721]}