{"min": [-0.595796, -0.267003, -0.459894], "max": [0.592948, 0.743815, 0.787606]}