{"min": [-0.521789, -0.544561, -0.743549], "max": [0.51448, 0.534886, 0.767678]}