{"min": [-0.693232, -0.140156, -0.464714], "max": [0.773839, 0.683813, 0.58084]}