{"min": [-0.60825, -0.657904, -0.583784], "max": [0.605423, 0.820668, 0.580753]}