{"min": [-0.721603, -0.710162, -0.104239], "max": [0.691742, 0.703183, 0.141919]}