{"min": [-0.465148, -0.620071, -0.725502], "max": [0.481311, 0.533426, 0.825074]}