{"min": [-0.53357, -0.692853, -0.807968], "max": [0.519117, 0.618221, 0.933751]}