{"min": [-0.736493, -0.27138, -0.284061], "max": [0.707624, 0.756047, 0.727509]}