{"min": [-0.662761, -0.217449, -0.352239], "max": [0.652568, 0.681365, 0.687822]}