{"min": [-0.620269, -0.449214, -0.613919], "max": [0.591115, 1.021551, 0.597401]}