{"min": [-0.620688, -0.266936, -0.348218], "max": [0.631358, 0.770249, 0.772781]}