{"min": [-0.63837, -0.547309, -0.616204], "max": [0.634729, 1.01148, 0.628526]}