{"min": [-0.181702, -0.33832, -0.983424], "max": [0.181288, 0.482021, 0.764372]}