{"min": [-0.671526, -0.24845, -0.426757], "max": [0.695889, 0.730422, 0.785297]}