{"min": [-0.631151, -0.396599, -0.680471], "max": [0.691808, 0.397176, 0.642487]}