{"min": [-0.388584, -0.584656, -0.436298], "max": [0.313446, 0.585393, 0.872515]}