{"min": [-0.703711, -0.708046, -0.04288], "max": [0.683822, 0.737301, 0.091248]}