{"min": [-0.165232, -0.23496, -0.976237], "max": [0.157056, 0.383419, 0.904974]}