{"min": [-0.265355, -0.888883, -0.567003], "max": [0.242546, 0.581717, 0.97642]}