{"min": [-0.830603, -0.55946, -0.45136], "max": [0.623998, 0.103902, 0.523159]}