{"min": [-0.470465, -0.505718, -0.738529], "max": [0.460675, 0.50092, 0.922423]}