{"min": [-0.825815, -0.710715, -0.748974], "max": [0.827853, 0.639952, 0.747843]}