{"min": [-0.694064, -0.475678, -0.323534], "max": [0.672011, 0.801088, 0.771399]}