{"min": [-0.674258, -0.742808, -0.130146], "max": [0.690919, 0.756759, 0.276717]}