{"min": [-0.61188, -0.480545, -0.513398], "max": [0.603301, 0.926198, 0.59598]}