{"min": [-0.524928, -0.666034, -0.777746], "max": [0.514033, 0.5098, 0.86293]}