{"min": [-0.524099, -0.894936, -0.45454], "max": [0.525227, 0.416721, 0.437387]}