{"min": [-0.679297, -0.690457, -0.63969], "max": [0.719883, 0.789409, 0.634215]}