{"min": [-0.724725, -0.187021, -0.650675], "max": [0.685567, 0.468787, 0.811015]}