{"min": [-0.448176, -0.449645, -0.374265], "max": [0.45669, 0.83769, 0.490208]}