{"min": [-0.649118, -0.35344, -0.52543], "max": [0.667544, 1.004024, 0.526898]}