{"min": [-0.439235, -0.589803, -0.496326], "max": [0.422599, 0.470329, 1.020273]}