{"min": [-0.551168, -0.481678, -0.275315], "max": [0.609196, 0.809592, 0.450321]}