{"min": [-0.706817, -0.823482, -0.535613], "max": [0.699078, 0.467357, 0.498563]}