{"min": [-0.545809, -0.233866, -0.611691], "max": [0.540366, 0.616557, 0.822662]}