{"min": [-0.650069, -0.211481, -0.468595], "max": [0.677619, 0.621605, 0.722471]}