{"min": [-0.166767, -0.492297, -0.428375], "max": [0.170358, 0.656941, 0.987414]}