{"min": [-0.412009, -0.46862, -0.386762], "max": [0.39852, 0.929474, 0.37014]}