{"min": [-0.268216, -0.72874, -0.587422], "max": [0.282152, 0.628775, 0.884501]}