{"min": [-0.608444, -0.588239, -0.353656], "max": [0.638094, 0.729211, 0.791656]}