{"min": [-0.49776, -0.714351, -0.637644], "max": [0.484791, 0.75254, 0.845644]}