{"min": [-0.613466, -0.22327, -0.429417], "max": [0.597228, 0.725824, 0.651049]}