{"min": [-0.903283, -0.475472, -0.286048], "max": [0.528489, 0.348678, 0.323545]}