{"min": [-0.566532, -0.661534, -0.565517], "max": [0.54633, 0.562615, 0.658632]}