{"min": [-0.498164, -0.86534, -0.270557], "max": [0.509631, 0.845192, 0.081349]}