{"min": [-0.637586, -0.218914, -0.494972], "max": [0.632803, 0.646456, 0.646213]}