{"min": [-0.779644, -0.475732, -0.42375], "max": [0.80918, 0.668907, 0.492056]}