{"min": [-0.595093, -0.633976, -0.594209], "max": [0.63608, 0.703741, 0.613287]}