{"min": [-0.599723, -0.730878, -0.413706], "max": [0.544514, 0.371751, 0.460076]}