{"min": [-0.7954, -0.306059, -0.199197], "max": [0.824115, 0.68611, 0.560297]}