{"min": [-0.832262, -0.578816, -0.507271], "max": [0.855522, 0.334575, 0.477959]}