{"min": [-0.595036, -0.804131, -0.624446], "max": [0.653564, 0.888297, 0.614243]}