{"min": [-0.476964, -0.561876, -0.93381], "max": [0.454085, 0.652297, 0.897644]}