{"min": [-0.460994, -0.914172, -0.369089], "max": [0.480245, 0.183939, 0.429983]}