{"min": [-0.75423, -0.21691, -0.267673], "max": [0.739055, 0.699515, 0.652074]}