{"min": [-0.659893, -0.80468, -0.365126], "max": [0.634347, 0.443337, 0.397551]}