{"min": [-0.762509, -0.479964, -0.39541], "max": [0.807472, 0.596546, 0.38958]}