{"min": [-0.651156, -0.243501, -0.404608], "max": [0.648277, 0.72756, 0.688397]}