{"min": [-0.686906, -0.754244, -0.113265], "max": [0.650934, 0.726936, 0.208151]}