{"min": [-0.522005, -0.527751, -0.505265], "max": [0.500979, 1.002445, 0.506302]}