{"min": [-0.516881, -0.495873, -0.913758], "max": [0.545493, 0.592713, 0.465157]}