{"min": [-0.610105, -0.315436, -0.282942], "max": [0.628124, 0.69404, 0.74804]}