{"min": [-0.601139, -0.233336, -0.420125], "max": [0.621415, 0.725056, 0.670925]}