{"min": [-0.541064, -0.793097, -0.444707], "max": [0.511687, 0.727237, 0.462442]}