{"min": [-0.504289, -0.83156, -0.456957], "max": [0.480701, 0.747836, 0.485433]}