{"min": [-0.233427, -0.679633, -0.416891], "max": [0.245202, 0.634827, 1.005532]}