{"min": [-0.763852, -0.754423, -0.6627], "max": [0.718205, 0.671945, 0.733159]}