{"min": [-0.127847, -0.457614, -0.392185], "max": [0.126535, 0.421112, 0.937455]}