{"min": [-0.416596, -0.572156, -0.802668], "max": [0.416297, 0.523757, 0.842054]}