{"min": [-0.581724, -0.216352, -0.56258], "max": [0.579488, 0.619478, 0.697727]}