{"min": [-0.655788, -0.253969, -0.417375], "max": [0.678257, 0.671663, 0.745588]}