{"min": [-0.490231, -0.814057, -0.363316], "max": [0.485983, 0.77229, 0.419689]}