{"min": [-0.185258, -0.958488, -0.304407], "max": [0.184246, 0.721342, 0.592987]}