{"min": [-0.49247, -0.787594, -0.445311], "max": [0.474624, 0.409762, 0.449482]}