{"min": [-0.798823, -0.515461, -0.42831], "max": [0.845278, 0.62747, 0.444252]}