{"min": [-0.828727, -0.418853, -0.459822], "max": [0.802312, 0.373195, 0.471196]}