{"min": [-0.194755, -0.986755, -0.646136], "max": [0.199105, 0.530604, 0.856076]}