{"min": [-0.80025, -0.421395, -0.294766], "max": [0.778636, 0.765114, 0.667089]}