{"min": [-0.722837, -0.257111, -0.259063], "max": [0.743808, 0.68064, 0.679099]}