{"min": [-0.566509, -0.490752, -0.770221], "max": [0.575278, 0.780329, 0.898051]}