{"min": [-0.729569, -0.230458, -0.379515], "max": [0.714129, 0.768019, 0.681317]}