{"min": [-0.40475, -0.835716, -0.363462], "max": [0.43978, 0.838969, 0.547145]}