{"min": [-0.448912, -0.552462, -0.731401], "max": [0.465519, 0.536146, 0.773117]}