{"min": [-0.395248, -0.850116, -0.357661], "max": [0.435403, 0.809055, 0.445299]}