{"min": [-0.585563, -0.24315, -0.472452], "max": [0.571277, 0.705492, 0.658368]}