{"min": [-0.414432, -0.850943, -0.40557], "max": [0.402673, 0.783267, 0.436048]}