{"min": [-0.544077, -0.464955, -0.521212], "max": [0.503939, 0.886999, 0.510524]}