{"min": [-0.649216, -0.195891, -0.530949], "max": [0.682162, 0.548845, 0.74922]}