{"min": [-0.526707, -0.209322, -0.513885], "max": [0.525331, 0.700844, 0.687518]}