{"min": [-0.547904, -0.684658, -0.537898], "max": [0.509975, 0.690586, 0.710041]}