{"min": [-0.250636, -0.723624, -0.430324], "max": [0.243041, 0.582611, 0.982197]}