{"min": [-0.436137, -0.861049, -0.430105], "max": [0.498863, 0.999469, 0.452175]}