{"min": [-0.577323, -0.718061, -0.419854], "max": [0.586579, 0.27957, 0.456322]}