{"min": [-0.854756, -0.507228, -0.298317], "max": [0.669591, 0.270824, 0.463856]}