{"min": [-0.699125, -0.524234, -0.356681], "max": [0.698068, 0.767134, 0.360531]}