{"min": [-0.747161, -0.672609, -0.271707], "max": [0.825695, 0.638518, 0.252578]}