{"min": [-0.42429, -0.581945, -0.713636], "max": [0.428567, 0.428867, 0.928837]}