{"min": [-0.466888, -0.629886, -0.491873], "max": [0.48768, 0.982186, 0.431457]}