{"min": [-0.452432, -0.602039, -0.507747], "max": [0.425194, 0.477518, 1.036641]}