{"min": [-0.609966, -0.244379, -0.420368], "max": [0.648989, 0.717803, 0.748851]}