{"min": [-0.680744, -0.234318, -0.438735], "max": [0.670971, 0.640286, 0.742327]}