{"min": [-0.758496, -0.658811, -0.702144], "max": [0.749791, 0.748445, 0.647096]}