{"min": [-0.728724, -0.195249, -0.441004], "max": [0.742367, 0.670116, 0.683141]}