{"min": [-0.718553, -0.263348, -0.267613], "max": [0.755917, 0.765314, 0.690312]}