{"min": [-0.641279, -0.209886, -0.481037], "max": [0.635887, 0.673642, 0.697984]}