{"min": [-0.255907, -0.824074, -0.392059], "max": [0.25731, 0.673587, 1.00769]}