{"min": [-0.274712, -0.744518, -0.649732], "max": [0.264885, 0.654195, 0.963505]}