{"min": [-0.699806, -0.222519, -0.558025], "max": [0.732882, 0.592294, 0.760403]}