{"min": [-0.735018, -0.199114, -0.419154], "max": [0.73348, 0.653082, 0.570188]}