{"min": [-0.665659, -0.487813, -0.206156], "max": [0.686042, 1.024517, 0.20765]}