{"min": [-0.223037, -0.730835, -0.462082], "max": [0.223458, 0.860819, 1.018515]}