{"min": [-0.744308, -0.536699, -0.682492], "max": [0.711922, 0.730585, 0.742549]}