{"min": [-0.651962, -0.521931, -0.604811], "max": [0.632579, 0.644576, 0.808987]}