{"min": [-0.516283, -0.423259, -0.837337], "max": [0.491848, 0.421858, 0.87782]}