{"min": [-0.824394, -0.735592, -0.245099], "max": [0.800024, 0.497977, 0.269271]}