{"min": [-0.626267, -0.172818, -0.706568], "max": [0.642286, 0.492255, 0.733245]}