{"min": [-0.482282, -0.841535, -0.538266], "max": [0.489089, 0.653111, 0.657304]}