{"min": [-0.761891, -0.647679, -0.080523], "max": [0.73752, 0.678723, 0.081529]}