{"min": [-0.16878, -0.297769, -0.753372], "max": [0.16497, 0.527186, 0.984285]}