{"min": [-0.707002, -0.23976, -0.443505], "max": [0.720335, 0.627834, 0.756141]}