{"min": [-0.460973, -0.893459, -0.381564], "max": [0.461313, 0.209273, 0.360275]}