{"min": [-0.8723, -0.499016, -0.308294], "max": [0.859673, 0.499274, 0.118097]}