{"min": [-0.581521, -0.222943, -0.497064], "max": [0.582233, 0.726316, 0.713269]}