{"min": [-0.460152, -0.931981, -1.06465], "max": [0.340511, 0.20229, -0.244925]}