{"min": [-0.83124, -0.586264, -0.654104], "max": [0.504227, 0.544418, 0.762598]}