{"min": [-0.117745, -0.438486, -0.412421], "max": [0.111162, 0.442057, 0.919842]}