{"min": [-0.49907, -0.633323, -0.569225], "max": [0.462546, 0.691399, 0.610378]}