{"min": [-0.752098, -0.508776, -0.379619], "max": [0.845849, 0.356779, 0.388625]}