{"min": [-0.794937, -0.675229, -0.263186], "max": [0.817183, 0.730897, 0.274187]}