{"min": [-0.673254, -0.465453, -0.5853], "max": [0.701047, 0.472864, 0.654498]}