{"min": [-0.571247, -0.589587, -0.610697], "max": [0.614842, 0.596502, 0.575392]}