{"min": [-0.515437, -0.816556, -1.296296], "max": [0.158495, 0.395458, -0.321012]}