{"min": [-0.68862, -0.239309, -0.453783], "max": [0.671199, 0.684941, 0.763648]}