{"min": [-0.553088, -0.237006, -0.459246], "max": [0.551395, 0.725415, 0.78282]}