{"min": [-0.388987, -0.889379, -0.357967], "max": [0.377566, 0.814073, 0.377925]}