{"min": [-0.553601, -0.389674, -0.26822], "max": [0.52979, 0.84885, 0.445844]}