{"min": [-0.599471, -0.628238, -0.552791], "max": [0.600843, 0.568948, 0.657147]}