{"min": [-0.785574, -0.759548, -0.150644], "max": [0.777572, 0.803598, 0.251943]}