{"min": [-0.609317, -0.542398, -0.584496], "max": [0.607818, 1.016581, 0.697103]}