{"min": [-0.714431, -0.240248, -0.309217], "max": [0.688251, 0.762825, 0.729988]}