{"min": [-0.704199, -0.245785, -0.250169], "max": [0.654979, 0.622208, 0.72079]}