{"min": [-0.412067, -0.580854, -0.792964], "max": [0.431604, 0.529239, 0.87304]}